[
    {
        "AccessFailedCount": 0,
        "City": "Cairo",
        "ConcurrencyStamp": null,
        "Country": null,
        "Introduction": "1",
        "KnownAs": "assd",
        "UserName": "assd"
    },
    {
        "AccessFailedCount": 0,
        "City": "Cairo",
        "ConcurrencyStamp": null,
        "Country": null,
        "Created": "2020-02-02 00:00:00",
        "DateOfBirth": "1978-03-16 00:00:00",
        "Email": null,
        "EmailConfirmed": 0,
        "Gender": "male",
        "Id": 1,
        "Intersts": null,
        "Introduction": "Updated introssssss",
        "KnownAs": "Henderson",
        "LastActive": "2020-06-15 00:00:00",
        "LockoutEnabled": 0,
        "LockoutEnd": null,
        "LookingFor": "Updated lookingForasds",
        "NormalizedEmail": null,
        "NormalizedUserName": null,
        "PhoneNumber": null,
        "PhoneNumberConfirmed": 0,
        "SecurityStamp": null,
        "TwoFactorEnabled": 0,
        "UserName": "henderson"
    },
    {
        "AccessFailedCount": 0,
        "City": "Eagletown",
        "ConcurrencyStamp": null,
        "Country": null,
        "Created": "2019-11-10 00:00:00",
        "DateOfBirth": "1960-01-21 00:00:00",
        "Email": null,
        "EmailConfirmed": 0,
        "Gender": "male",
        "Id": 2,
        "Intersts": null,
        "Introduction": "Dolore occaecat commodo culpa elit eiusmod est dolor voluptate irure ipsum nisi in dolore nostrud. Proident fugiat proident mollit qui amet eiusmod consequat est irure eu nisi elit reprehenderit. Lorem esse cupidatat veniam aliqua cupidatat culpa ex ad occaecat. Irure adipisicing laboris do est. Ea occaecat proident aliquip aliquip aliquip eiusmod culpa aliqua ad duis sit irure.\r\n",
        "KnownAs": "Barton",
        "LastActive": "2020-05-04 00:00:00",
        "LockoutEnabled": 0,
        "LockoutEnd": null,
        "LookingFor": "Ea tempor culpa commodo veniam voluptate dolore sunt laboris consequat sit ea est ut dolor. Sunt sunt elit commodo labore laborum velit nisi elit. Consectetur labore deserunt quis incididunt cillum voluptate ex.\r\n",
        "NormalizedEmail": null,
        "NormalizedUserName": null,
        "PhoneNumber": null,
        "PhoneNumberConfirmed": 0,
        "SecurityStamp": null,
        "TwoFactorEnabled": 0,
        "UserName": "barton"
    },
    {
        "AccessFailedCount": 0,
        "City": "Sattley",
        "ConcurrencyStamp": null,
        "Country": null,
        "Created": "2020-06-26 00:00:00",
        "DateOfBirth": "1951-04-13 00:00:00",
        "Email": null,
        "EmailConfirmed": 0,
        "Gender": "male",
        "Id": 3,
        "Intersts": null,
        "Introduction": "Sit sint ut labore esse nisi esse pariatur eiusmod est do magna laborum minim occaecat. Aute nisi amet eiusmod amet. Do id culpa ad esse anim. Ea labore exercitation reprehenderit fugiat exercitation consectetur ipsum et id velit voluptate veniam.\r\n",
        "KnownAs": "Slater",
        "LastActive": "2020-05-16 00:00:00",
        "LockoutEnabled": 0,
        "LockoutEnd": null,
        "LookingFor": "Sunt amet anim dolore proident. Ut officia occaecat ea dolor ad magna nisi minim eiusmod. Nostrud culpa exercitation minim sunt dolore fugiat. Esse dolore fugiat deserunt voluptate consequat. Deserunt reprehenderit reprehenderit excepteur aute esse laboris labore amet duis reprehenderit pariatur. Aliqua labore ullamco id labore culpa ex dolore aliqua incididunt. Sit cillum consequat nisi reprehenderit ullamco laboris excepteur ex dolor commodo elit non ullamco consequat.\r\n",
        "NormalizedEmail": null,
        "NormalizedUserName": null,
        "PhoneNumber": null,
        "PhoneNumberConfirmed": 0,
        "SecurityStamp": null,
        "TwoFactorEnabled": 0,
        "UserName": "slater"
    },
    {
        "AccessFailedCount": 0,
        "City": "Vandiver",
        "ConcurrencyStamp": null,
        "Country": null,
        "Created": "2019-06-28 00:00:00",
        "DateOfBirth": "1963-07-13 00:00:00",
        "Email": null,
        "EmailConfirmed": 0,
        "Gender": "male",
        "Id": 4,
        "Intersts": null,
        "Introduction": "Dolore officia mollit eiusmod quis anim reprehenderit ipsum nisi enim laborum qui. Exercitation nisi adipisicing aliqua nisi commodo anim veniam ut nostrud incididunt ad cillum. Et duis ea eiusmod esse in et ea duis pariatur irure nulla. Dolor quis ipsum laboris ipsum Lorem consequat non.\r\n",
        "KnownAs": "Drake",
        "LastActive": "2020-06-09 00:00:00",
        "LockoutEnabled": 0,
        "LockoutEnd": null,
        "LookingFor": "Voluptate est cillum officia ut consequat. Enim cillum aute anim cupidatat tempor incididunt minim. Ut sint tempor fugiat ut quis irure non elit pariatur adipisicing sit minim cillum veniam. Qui officia id minim commodo adipisicing magna ex ad ut aliqua et consectetur dolor ut. Occaecat irure pariatur dolore aliquip anim nulla. Non ea excepteur reprehenderit deserunt ipsum sunt in id consectetur irure aute tempor labore ut. Quis irure officia labore non eiusmod in in esse enim culpa.\r\n",
        "NormalizedEmail": null,
        "NormalizedUserName": null,
        "PhoneNumber": null,
        "PhoneNumberConfirmed": 0,
        "SecurityStamp": null,
        "TwoFactorEnabled": 0,
        "UserName": "drake"
    },
    {
        "AccessFailedCount": 0,
        "City": "Cobbtown",
        "ConcurrencyStamp": null,
        "Country": null,
        "Created": "2019-12-24 00:00:00",
        "DateOfBirth": "1989-04-29 00:00:00",
        "Email": null,
        "EmailConfirmed": 0,
        "Gender": "male",
        "Id": 5,
        "Intersts": null,
        "Introduction": "Id sit veniam laboris consequat nulla commodo id consectetur. Velit elit ea adipisicing anim aliqua et. Nisi non voluptate irure quis culpa ad quis incididunt.\r\n",
        "KnownAs": "Blackwell",
        "LastActive": "2020-06-01 00:00:00",
        "LockoutEnabled": 0,
        "LockoutEnd": null,
        "LookingFor": "Non amet ullamco non tempor labore exercitation culpa reprehenderit irure anim nisi. Pariatur ex quis amet minim incididunt esse voluptate duis. Et anim tempor do est labore excepteur non enim mollit et laborum enim non. Magna voluptate in officia est esse aliquip minim duis tempor do aliquip cupidatat pariatur. Occaecat excepteur ullamco do voluptate dolor quis excepteur anim consectetur sunt nulla reprehenderit dolor aliquip. Laborum id excepteur sunt proident officia dolore magna id.\r\n",
        "NormalizedEmail": null,
        "NormalizedUserName": null,
        "PhoneNumber": null,
        "PhoneNumberConfirmed": 0,
        "SecurityStamp": null,
        "TwoFactorEnabled": 0,
        "UserName": "blackwell"
    },
    {
        "AccessFailedCount": 0,
        "City": "Basedland",
        "ConcurrencyStamp": null,
        "Country": null,
        "Created": "2021-09-27 13:13:44.8639539",
        "DateOfBirth": "1999-05-24 00:00:00",
        "Email": null,
        "EmailConfirmed": 0,
        "Gender": "male",
        "Id": 6,
        "Intersts": null,
        "Introduction": "الاهلي في كل حتة عمال يجيب اجوان",
        "KnownAs": "MostafaAkrsh",
        "LastActive": "2022-02-19 21:48:35.13424",
        "LockoutEnabled": 0,
        "LockoutEnd": null,
        "LookingFor": "بيبو \nبيبو \nبيبو بيبو بيبو\n",
        "NormalizedEmail": null,
        "NormalizedUserName": null,
        "PhoneNumber": null,
        "PhoneNumberConfirmed": 0,
        "SecurityStamp": null,
        "TwoFactorEnabled": 0,
        "UserName": "kokowowa"
    },
    {
        "AccessFailedCount": 0,
        "City": "Kafr El Rghawy",
        "ConcurrencyStamp": null,
        "Country": "Egypt",
        "Created": "2021-12-15 13:17:44.8580777",
        "DateOfBirth": "1999-12-04 00:00:00",
        "Email": null,
        "EmailConfirmed": 0,
        "Gender": "male",
        "Id": 19,
        "Intersts": null,
        "Introduction": null,
        "KnownAs": "salama",
        "LastActive": "2022-02-18 22:42:22.5205928",
        "LockoutEnabled": 0,
        "LockoutEnd": null,
        "LookingFor": null,
        "NormalizedEmail": null,
        "NormalizedUserName": null,
        "PhoneNumber": null,
        "PhoneNumberConfirmed": 0,
        "SecurityStamp": null,
        "TwoFactorEnabled": 0,
        "UserName": "nasr"
    },
    {
        "AccessFailedCount": 0,
        "City": "alex",
        "ConcurrencyStamp": null,
        "Country": null,
        "Created": "2021-12-15 13:26:39.5172753",
        "DateOfBirth": "1997-02-12 00:00:00",
        "Email": null,
        "EmailConfirmed": 0,
        "Gender": "female",
        "Id": 21,
        "Intersts": null,
        "Introduction": "gege",
        "KnownAs": "gehan",
        "LastActive": "2022-02-19 21:34:05.9430314",
        "LockoutEnabled": 0,
        "LockoutEnd": null,
        "LookingFor": null,
        "NormalizedEmail": null,
        "NormalizedUserName": null,
        "PhoneNumber": null,
        "PhoneNumberConfirmed": 0,
        "SecurityStamp": null,
        "TwoFactorEnabled": 0,
        "UserName": "gehan"
    },
    {
        "AccessFailedCount": 0,
        "City": "adsf",
        "ConcurrencyStamp": null,
        "Country": "bv",
        "Created": "2021-12-15 13:35:01.4983219",
        "DateOfBirth": "1995-03-05 00:00:00",
        "Email": null,
        "EmailConfirmed": 0,
        "Gender": "male",
        "Id": 22,
        "Intersts": null,
        "Introduction": null,
        "KnownAs": "zizo",
        "LastActive": "0001-01-01 00:00:00",
        "LockoutEnabled": 0,
        "LockoutEnd": null,
        "LookingFor": null,
        "NormalizedEmail": null,
        "NormalizedUserName": null,
        "PhoneNumber": null,
        "PhoneNumberConfirmed": 0,
        "SecurityStamp": null,
        "TwoFactorEnabled": 0,
        "UserName": "zizo"
    },
    {
        "AccessFailedCount": 0,
        "City": "Vinece",
        "ConcurrencyStamp": null,
        "Country": "Italy",
        "Created": "2022-02-11 14:27:41.9249018",
        "DateOfBirth": "1999-12-15 00:00:00",
        "Email": null,
        "EmailConfirmed": 0,
        "Gender": "male",
        "Id": 23,
        "Intersts": null,
        "Introduction": null,
        "KnownAs": "Redy",
        "LastActive": "0001-01-01 00:00:00",
        "LockoutEnabled": 0,
        "LockoutEnd": null,
        "LookingFor": null,
        "NormalizedEmail": null,
        "NormalizedUserName": null,
        "PhoneNumber": null,
        "PhoneNumberConfirmed": 0,
        "SecurityStamp": null,
        "TwoFactorEnabled": 0,
        "UserName": "redarrow"
    },
    {
        "AccessFailedCount": 0,
        "City": "Suez",
        "ConcurrencyStamp": null,
        "Country": "Egypt",
        "Created": "2022-02-14 13:24:21.5730685",
        "DateOfBirth": "2005-09-25 00:00:00",
        "Email": null,
        "EmailConfirmed": 0,
        "Gender": "female",
        "Id": 24,
        "Intersts": null,
        "Introduction": null,
        "KnownAs": "feza",
        "LastActive": "2022-02-14 15:08:27.7073288",
        "LockoutEnabled": 0,
        "LockoutEnd": null,
        "LookingFor": null,
        "NormalizedEmail": null,
        "NormalizedUserName": null,
        "PhoneNumber": null,
        "PhoneNumberConfirmed": 0,
        "SecurityStamp": null,
        "TwoFactorEnabled": 0,
        "UserName": "feza"
    }
]