﻿[
  {
    "UserName": "Henderson",
    "Gender": "man",
    "DateOfBirth": "1978-03-16",
    "KnownAs": "Henderson",
    "Created": "2020-02-02",
    "LastActive": "2020-06-15",
    "Introduction": "Cillum et quis veniam adipisicing do proident labore in laborum esse. Lorem nisi occaecat do irure ad tempor amet excepteur adipisicing do nostrud. Ex labore tempor laboris eu et. Adipisicing laborum eiusmod in fugiat amet velit dolore id deserunt laboris. Magna exercitation aliquip anim mollit cillum.\r\n",
    "LookingFor": "Nulla proident consequat mollit Lorem irure ad laborum deserunt amet aute. Occaecat deserunt enim elit velit dolor consectetur et culpa aliqua sit est. Velit in elit anim sint non non ad in proident. Qui esse velit do labore fugiat amet elit Lorem qui nisi in. Laborum quis adipisicing laboris id excepteur sit est laboris consequat. Cillum qui pariatur do proident consectetur id ullamco quis est culpa velit est duis. Sint exercitation do ipsum non officia eu consequat.\r\n",
    "Interests": "Eu minim culpa ut dolor laborum Lorem duis duis et culpa ad.",
    "City": "Suitland",
    "Country": "Ireland",
    "Photos": [
      {
        "Url": "https://randomuser.me/api/portraits/men/81.jpg",
        "IsMain": true
      }
    ]
  },
  {
    "UserName": "Barton",
    "Gender": "man",
    "DateOfBirth": "1960-01-21",
    "KnownAs": "Barton",
    "Created": "2019-11-10",
    "LastActive": "2020-05-04",
    "Introduction": "Dolore occaecat commodo culpa elit eiusmod est dolor voluptate irure ipsum nisi in dolore nostrud. Proident fugiat proident mollit qui amet eiusmod consequat est irure eu nisi elit reprehenderit. Lorem esse cupidatat veniam aliqua cupidatat culpa ex ad occaecat. Irure adipisicing laboris do est. Ea occaecat proident aliquip aliquip aliquip eiusmod culpa aliqua ad duis sit irure.\r\n",
    "LookingFor": "Ea tempor culpa commodo veniam voluptate dolore sunt laboris consequat sit ea est ut dolor. Sunt sunt elit commodo labore laborum velit nisi elit. Consectetur labore deserunt quis incididunt cillum voluptate ex.\r\n",
    "Interests": "Cillum aute sint aute elit pariatur non ex nostrud adipisicing.",
    "City": "Eagletown",
    "Country": "Trinidad and Tobago",
    "Photos": [
      {
        "Url": "https://randomuser.me/api/portraits/men/69.jpg",
        "IsMain": true
      }
    ]
  },
  {
    "UserName": "Slater",
    "Gender": "man",
    "DateOfBirth": "1951-04-13",
    "KnownAs": "Slater",
    "Created": "2020-06-26",
    "LastActive": "2020-05-16",
    "Introduction": "Sit sint ut labore esse nisi esse pariatur eiusmod est do magna laborum minim occaecat. Aute nisi amet eiusmod amet. Do id culpa ad esse anim. Ea labore exercitation reprehenderit fugiat exercitation consectetur ipsum et id velit voluptate veniam.\r\n",
    "LookingFor": "Sunt amet anim dolore proident. Ut officia occaecat ea dolor ad magna nisi minim eiusmod. Nostrud culpa exercitation minim sunt dolore fugiat. Esse dolore fugiat deserunt voluptate consequat. Deserunt reprehenderit reprehenderit excepteur aute esse laboris labore amet duis reprehenderit pariatur. Aliqua labore ullamco id labore culpa ex dolore aliqua incididunt. Sit cillum consequat nisi reprehenderit ullamco laboris excepteur ex dolor commodo elit non ullamco consequat.\r\n",
    "Interests": "Eiusmod qui sint tempor aute est mollit Lorem deserunt.",
    "City": "Sattley",
    "Country": "Bhutan",
    "Photos": [
      {
        "Url": "https://randomuser.me/api/portraits/men/67.jpg",
        "IsMain": true
      }
    ]
  },
  {
    "UserName": "Drake",
    "Gender": "man",
    "DateOfBirth": "1963-07-13",
    "KnownAs": "Drake",
    "Created": "2019-06-28",
    "LastActive": "2020-06-09",
    "Introduction": "Dolore officia mollit eiusmod quis anim reprehenderit ipsum nisi enim laborum qui. Exercitation nisi adipisicing aliqua nisi commodo anim veniam ut nostrud incididunt ad cillum. Et duis ea eiusmod esse in et ea duis pariatur irure nulla. Dolor quis ipsum laboris ipsum Lorem consequat non.\r\n",
    "LookingFor": "Voluptate est cillum officia ut consequat. Enim cillum aute anim cupidatat tempor incididunt minim. Ut sint tempor fugiat ut quis irure non elit pariatur adipisicing sit minim cillum veniam. Qui officia id minim commodo adipisicing magna ex ad ut aliqua et consectetur dolor ut. Occaecat irure pariatur dolore aliquip anim nulla. Non ea excepteur reprehenderit deserunt ipsum sunt in id consectetur irure aute tempor labore ut. Quis irure officia labore non eiusmod in in esse enim culpa.\r\n",
    "Interests": "Laborum dolore eiusmod consequat culpa nulla tempor do ullamco minim pariatur.",
    "City": "Vandiver",
    "Country": "Senegal",
    "Photos": [
      {
        "Url": "https://randomuser.me/api/portraits/men/7.jpg",
        "IsMain": true
      }
    ]
  },
  {
    "UserName": "Blackwell",
    "Gender": "man",
    "DateOfBirth": "1989-04-29",
    "KnownAs": "Blackwell",
    "Created": "2019-12-24",
    "LastActive": "2020-06-01",
    "Introduction": "Id sit veniam laboris consequat nulla commodo id consectetur. Velit elit ea adipisicing anim aliqua et. Nisi non voluptate irure quis culpa ad quis incididunt.\r\n",
    "LookingFor": "Non amet ullamco non tempor labore exercitation culpa reprehenderit irure anim nisi. Pariatur ex quis amet minim incididunt esse voluptate duis. Et anim tempor do est labore excepteur non enim mollit et laborum enim non. Magna voluptate in officia est esse aliquip minim duis tempor do aliquip cupidatat pariatur. Occaecat excepteur ullamco do voluptate dolor quis excepteur anim consectetur sunt nulla reprehenderit dolor aliquip. Laborum id excepteur sunt proident officia dolore magna id.\r\n",
    "Interests": "Labore exercitation qui minim velit Lorem reprehenderit minim ea qui.",
    "City": "Cobbtown",
    "Country": "Cocos (Keeling Islands)",
    "Photos": [
      {
        "Url": "https://randomuser.me/api/portraits/men/98.jpg",
        "IsMain": true
      }
    ]
  }
]